product_name,category,price,category_avg_price,premium_pct
ZenSound Earbuds,Electronics,5313.0,1871.0,183.9
EcoNest Air Purifier,Home Essentials,4999.0,1819.0,174.8
ZenSound Power Bank,Electronics,5080.0,1871.0,171.5
GlowSkin Serum,Skincare,1454.0,601.0,142.0
ArcByte Earbuds,Electronics,4493.0,1871.0,140.1
HomeCraft Organizer,Home Essentials,4168.0,1819.0,129.1
BloomVeda Toner,Skincare,1325.0,601.0,120.5
AuraGlow Lamp,Home Essentials,3884.0,1819.0,113.5
DermaLab Toner,Skincare,1273.0,601.0,111.9
CozyHaus Diffuser,Home Essentials,3838.0,1819.0,111.0
