category,product_name,platform,price,rating,reviews
Electronics,PulseGear Speaker,Amazon,927.0,4.8,807
Electronics,PulseGear Smartwatch,Amazon,1098.0,4.7,287
Electronics,NovaTech Smartwatch,Amazon,2999.0,4.5,1200
Home Essentials,HomeCraft Air Purifier,Amazon,2126.0,4.9,496
Home Essentials,HomeCraft Organizer,Flipkart,1742.0,4.8,556
Home Essentials,EcoNest Air Purifier,Flipkart,4999.0,4.7,2300
Skincare,BloomVeda Toner,Myntra,662.0,4.8,695
Skincare,DermaLab Face Wash,Amazon,756.0,4.8,93
Skincare,BloomVeda Moisturizer,Nykaa,693.0,4.7,608
